id,score,priority,source,line,kind,language,pattern,shape,name,items,duplicate_group,copies_disagree,in_job,owner,modified,sample,noise_reason,reasons,fingerprint
C00002,84,High,/Repos/analytics/dbt_project/models/stg_customers.sql,14,dbt_model,sql,sql_case,mapping,state_name,8,G001,yes,,,2026-10-09,"NSW -> New South Wales, QLD -> Queensland, VIC -> Victoria, SA -> South Australia, WA -> Western Australia, ... (+3)",,hardcoded mapping; reference-data style name; values look like codes; repeated in 4 places; copies disagree,f758dabb36e2
C00003,84,High,/Shared/finance/finance_report.py,5,notebook,python,python_dict,mapping,STATE_MAP,8,G001,yes,,,2026-10-09,"NSW -> New South Wales, QLD -> Queensland, VIC -> Victoria, SA -> South Australia, WA -> West Australia, ... (+3)",,hardcoded mapping; reference-data style name; values look like codes; repeated in 4 places; copies disagree,f758dabb36e2
C00009,84,High,/Users/jane.doe@contoso.com/sales_transform.py,10,notebook,python,python_dict,mapping,STATE_MAP,8,G001,yes,,,2026-10-09,"NSW -> New South Wales, QLD -> Queensland, VIC -> Victoria, SA -> South Australia, WA -> Western Australia, ... (+3)",,hardcoded mapping; reference-data style name; values look like codes; repeated in 4 places; copies disagree,f758dabb36e2
C00007,73,High,/Shared/finance/region_rollup.sql,12,notebook,sql,sql_case,mapping,sales_region,7,G001,,,,2026-10-09,"NSW -> East, VIC -> East, QLD -> North, NT -> North, WA -> West, ... (+2)",,hardcoded mapping; reference-data style name; values look like codes; repeated in 4 places,449e11ec7d98
C00006,58,Medium,/Shared/finance/finance_report.py,30,notebook,python,python_dataframe_literal,mapping,account_groups,6,,,,,2026-10-09,"4000 -> Revenue, 4100 -> Revenue, 5000 -> Cost of Sales, 6000 -> Operating Expenses, 6100 -> Operating Expenses, ... (+1)",,hardcoded mapping; reference-data style name; values look like codes,a51011fc90c5
C00001,57,Medium,/Repos/analytics/dbt_project/models/stg_customers.sql,11,dbt_model,sql,sql_case,mapping,segment,5,,,,,2026-10-09,"E -> Enterprise, M -> Mid-market, S -> Small business, C -> Consumer, G -> Government",,hardcoded mapping; reference-data style name; values look like codes,abe412f18589
C00008,57,Medium,/Shared/finance/region_rollup.sql,23,notebook,sql,embedded_sql_insert_values,mapping,main.reference.currency,5,,,,,2026-10-09,"AUD -> Australian Dollar, NZD -> New Zealand Dollar, USD -> US Dollar, EUR -> Euro, GBP -> Pound Sterling",,hardcoded mapping; reference-data style name; values look like codes,78241f41492b
C00011,57,Medium,/Users/jane.doe@contoso.com/sales_transform.py,31,notebook,python,python_when_chain,mapping,channel,5,,,,,2026-10-09,"01 -> Retail, 02 -> Wholesale, 03 -> Online, 04 -> Marketplace, 05 -> Phone",,hardcoded mapping; reference-data style name; values look like codes,903abb20caab
C00004,46,Medium,/Shared/finance/finance_report.py,16,notebook,python,python_list,code_list,COST_CENTRES,12,,,,,2026-10-09,"CC100, CC110, CC120, CC130, CC200, ... (+7)",,hardcoded list; reference-data style name; values look like codes,ec871cc493c6
C00012,46,Medium,/Users/jane.doe@contoso.com/sales_transform.py,49,notebook,sql,sql_in_list,code_list,product_code,12,,,,,2026-10-09,"P100, P101, P102, P103, P104, ... (+7)",,hardcoded list; reference-data style name; values look like codes,68cf97d0246a
C00005,10,Low,/Shared/finance/finance_report.py,18,notebook,python,python_dict,mapping,spark_conf,5,,,,,2026-10-09,"spark.sql.shuffle.partitions -> 64, spark.sql.adaptive.enabled -> true, spark.databricks.delta.optimizeWrite.enabled -> true, spark.sql.ansi.enabled -> false, spark.sql.session.timeZone -> Australia/Brisbane",looks like configuration settings,looks like configuration settings,cd896fa3cb70
C00010,10,Low,/Users/jane.doe@contoso.com/sales_transform.py,21,notebook,python,python_list,code_list,select_cols,12,,,,,2026-10-09,"order_id, order_date, customer_id, state, channel_code, ... (+7)",looks like a list of column names,looks like a list of column names,d44962df2434
